name	uri	type	address	email	web	angebote	ortsteile
Freier Träger - AHF Grundschule	http://www.leipzig.de/detailansicht-adresse/freier-traeger-ahf-grundschule/	Grundschule	"[{""address""=>"",,Puschstraße 9,04103,Leipzig,"", ""location""=>{:lat=>39.390897, :lng=>-99.066067}}]"	info@ahfgrundschule.de	http://www.ahfgrundschule.de/schule.html		"[""Mitte"", ""Zentrum-Südost""]"
Freier Träger - Aktive Schule Leipzig	http://www.leipzig.de/detailansicht-adresse/freier-traeger-aktive-schule-leipzig/	Grundschule	"[{""address""=>"",,Eisenacher Straße 40,04155,Leipzig,"", ""location""=>{:lat=>51.361599, :lng=>12.363855}}]"	kontakt@aktive-schule-leipzig.de	http://www.aktive-schule-leipzig.de/		"[""Nord"", ""Gohlis-Süd""]"
Freier Träger - BIP-Kreativitätsgrundschule und -gymnasium	http://www.leipzig.de/detailansicht-adresse/freier-traeger-bip-kreativitaetsgrundschule-und-gymnasium/	Grundschule	"[{""address""=>"",,Torgauer Straße 114,04347,Leipzig,"", ""location""=>{:lat=>51.359592, :lng=>12.443049}}]"	bipgymnasium@t-online.de	http://www.bip-mehlhornschulen.de/		"[""Heiterblick"", ""Ost""]"
Freier Träger - Bischöfliches Maria-Montessori-Schulzentrum Leipzig	http://www.leipzig.de/detailansicht-adresse/freier-traeger-bischoefliches-maria-montessori-schulzentrum-leipzig/	Grundschule	"[{""address""=>"",,Alte Salzstraße 61/65,04209,Leipzig,"", ""location""=>{:lat=>51.321005, :lng=>12.299083}}]"	Montesori-schule-leipzig@t-online.de	http://www.montessori-leipzig.de/		"[""West"", ""Grünau-Mitte""]"
Freier Träger - Evangelisches Schulzentrum	http://www.leipzig.de/detailansicht-adresse/freier-traeger-evangelisches-schulzentrum/	Grundschule	"[{""address""=>"",,Schletterstraße 7,04107,Leipzig,"", ""location""=>{:lat=>51.330528, :lng=>12.377517}}]"	eva@schulzentrum.de	http://www.schulzentrum.de/		"[""Mitte"", ""Zentrum-Süd""]"
"Freier Träger - Freie Grundschule ""Clara Schumann"" Leipzig"	http://www.leipzig.de/detailansicht-adresse/freier-traeger-freie-grundschule-clara-schumann-leipzig/	Grundschule	"[{""address""=>"",,Inselstraße 18,04103,Leipzig,"", ""location""=>{:lat=>51.340512, :lng=>12.391158}}]"	grundschule-lpz@rahn-schulen.de	http://www.grundschule-clara-schumann.de/		"[""Mitte"", ""Zentrum-Ost""]"
"Freier Träger - Freie Grundschule ""Regenbogen"""	http://www.leipzig.de/detailansicht-adresse/freier-traeger-freie-grundschule-regenbogen/	Grundschule	"[{""address""=>"",,Raschwitzer Straße 15,04279,Leipzig,"", ""location""=>{:lat=>51.295325, :lng=>12.385129}}]"	leipzig.grundschule@regenbogen-leipzig.de	http://www.regenbogen-schulen.de/?id=gs_leipzig		"[""Dölitz-Dösen"", ""Süd""]"
Freier Träger - Freie Schule Leipzig e.V.	http://www.leipzig.de/detailansicht-adresse/freier-traeger-freie-schule-leipzig-ev/	Grundschule	"[{""address""=>"",,Alte Salzstraße 67,04209,Leipzig,"", ""location""=>{:lat=>51.320328, :lng=>12.295909}}]"	kontakt@freie-schule-leipzig.de	http://www.freie-schule-leipzig.de/		"[""West"", ""Grünau-Mitte""]"
Freier Träger - Freie Waldorfschule Leipzig	http://www.leipzig.de/detailansicht-adresse/freier-traeger-freie-waldorfschule-leipzig/	Grundschule	"[{""address""=>"",,Berthastraße 15,04357,Leipzig,"", ""location""=>{:lat=>51.364894, :lng=>12.405661}}]"	kontakt@waldorfschule-leipzig.de	http://www.waldorfschule-leipzig.de/		"[""Nordost"", ""Mockau-Süd""]"
Freier Träger - Grundschule Auguste	http://www.leipzig.de/detailansicht-adresse/freier-traeger-grundschule-auguste/	Grundschule	"[{""address""=>"",,Grüne Gasse 21b,04318,Leipzig,"", ""location""=>{:lat=>39.390897, :lng=>-99.066067}}]"	auguste@schugel.de	http://www.schugel.de/Schulen_fur_gemeinschaftliches_Lernen/Grundschule_Auguste.html		"[""Ost"", ""Anger-Crottendorf""]"
Freier Träger - Grundschule forum thomanum	http://www.leipzig.de/detailansicht-adresse/freier-traeger-grundschule-forum-thomanum/	Grundschule	"[{""address""=>"",,Jörgen-Schmidtchen-Weg 8,04157,Leipzig,"", ""location""=>{:lat=>39.390897, :lng=>-99.066067}}]"	grundschule@forum-thomanum.de	http://www.forum-thomanum.de/		"[""Nord"", ""Gohlis-Nord""]"
Freier Träger - Karl-Schubert-Schule	http://www.leipzig.de/detailansicht-adresse/freier-traeger-karl-schubert-schule/	Grundschule	"[{""address""=>"",,Raschwitzer Straße 4,04279,Leipzig,"", ""location""=>{:lat=>51.285549, :lng=>12.373979}}]"	Kontakt@karl-schubert-schule-leipzig.de	http://www.karl-schubert-schule-leipzig.de/		"[""Lößnig"", ""Süd""]"
Freier Träger - Leipzig International School e.V.	http://www.leipzig.de/detailansicht-adresse/freier-traeger-leipzig-international-school-ev/	Grundschule	"[{""address""=>"",,Könneritzstraße 47,04229,Leipzig,"", ""location""=>{:lat=>51.324581, :lng=>12.345106}}]"	admin@intschool-leipzig.com	http://www.intschool-leipzig.com/		"[""Schleußig"", ""Südwest""]"
Grundschule - 100. Schule	http://www.leipzig.de/detailansicht-adresse/grundschule-100-schule/	Grundschule	"[{""address""=>"",,Miltitzer Allee 1,04207,Leipzig,"", ""location""=>{:lat=>51.304698, :lng=>12.268268}}]"	schule-100.gs@t-online.de	http://www.100schule-leipzig.de/	Ganztagsangebote	"[""West"", ""Lausen-Grünau""]"
Grundschule - 120. Schule	http://www.leipzig.de/detailansicht-adresse/grundschule-120-schule/	Grundschule	"[{""address""=>"",,Martin-Herrmann-Straße 1,04249,Leipzig,"", ""location""=>{:lat=>51.308043, :lng=>12.320932}}]"	Leipzig.120.gs@t-online.de	http://www.grundschule-grosszschocher.de/	Ganztagsangebote,Schulbibliothek	"[""Südwest"", ""Großzschocher""]"
Grundschule - 157. Schule	http://www.leipzig.de/detailansicht-adresse/grundschule-157-schule/	Grundschule	"[{""address""=>"",,Hans-Driesch-Straße 41,04179,Leipzig,"", ""location""=>{:lat=>51.347276, :lng=>12.313586}}]"	Leutzscher-grundschule@t-online.de		Ganztagsangebote	"[""Alt-West"", ""Leutzsch""]"
Grundschule - 172. Schule	http://www.leipzig.de/detailansicht-adresse/grundschule-172-schule/	Grundschule	"[{""address""=>"",,Prießnitzstraße 19,04179,Leipzig,"", ""location""=>{:lat=>51.344134, :lng=>12.320388}}]"	Grundschule-172@t-online.de	http://www.sn.schule.de/~gs172l/	Ganztagsangebote	"[""Alt-West"", ""Leutzsch""]"
Grundschule - 21. Schule	http://www.leipzig.de/detailansicht-adresse/grundschule-21-schule/	Grundschule	"[{""address""=>"",,Stöckelstraße 45,04347,Leipzig,"", ""location""=>{:lat=>51.356139, :lng=>12.411647}}]"	leipzig-21.grundschu@gmx.de		Ganztagsangebote	"[""Nordost"", ""Schönefeld-Ost""]"
Grundschule - 24. Schule	http://www.leipzig.de/detailansicht-adresse/grundschule-24-schule/	Grundschule	"[{""address""=>"",,Döllingstraße 25,04328,Leipzig,"", ""location""=>{:lat=>51.348051, :lng=>12.449922}}]"	24.gs@web.de	http://www.24gs.de/	Ganztagsangebote	"[""Ost"", ""Paunsdorf""]"
Grundschule - 3. Schule	http://www.leipzig.de/detailansicht-adresse/grundschule-3-schule/	Grundschule	"[{""address""=>"",,Bernhard-Göhring-Straße 107,04275,Leipzig,"", ""location""=>{:lat=>39.390897, :lng=>-99.066067}}]"	Dritte-grundschule-leipzig@t-online.de	http://www.drittegrundschule.de/	Ganztagsangebote,Schulbibliothek	"[""Süd"", ""Südvorstadt""]"
Grundschule - 31. Schule	http://www.leipzig.de/detailansicht-adresse/grundschule-31-schule/	Grundschule	"[{""address""=>"",,Franzosenallee 21,04289,Leipzig,"", ""location""=>{:lat=>51.302099, :lng=>12.436149}}]"	Leipzig-31.gs@t-online.de	http://www.sn.schule.de/~gs31l//	Ganztagsangebote	"[""Südost"", ""Probstheida""]"
Grundschule - 33. Schule	http://www.leipzig.de/detailansicht-adresse/grundschule-33-schule/	Grundschule	"[{""address""=>"",,Anhalter Straße 1,04129,Leipzig,"", ""location""=>{:lat=>51.361674, :lng=>12.388551}}]"	Grundschule33@t-online.de		Ganztagsangebote	"[""Nord"", ""Eutritzsch""]"
Grundschule - 39. Schule	http://www.leipzig.de/detailansicht-adresse/grundschule-39-schule/	Grundschule	"[{""address""=>"",,Gustav-Kühn-Straße 1,04159,Leipzig,"", ""location""=>{:lat=>39.390897, :lng=>-99.066067}}]"	Sl39.grundschuleleipzig@t-online.de	http://cms.sn.schule.de/39gsl/start/		"[""Nordwest"", ""Möckern""]"
Grundschule - 46. Schule	http://www.leipzig.de/detailansicht-adresse/grundschule-46-schule/	Grundschule	"[{""address""=>"",,Saalfelder Straße 29,04179,Leipzig,"", ""location""=>{:lat=>51.332467, :lng=>12.316683}}]"	Grundschule-46.leipzig@t-online.de		Ganztagsangebote	"[""Alt-West"", ""Neulindenau""]"
Grundschule - 60. Schule	http://www.leipzig.de/detailansicht-adresse/grundschule-60-schule/	Grundschule	"[{""address""=>"",,Seumestraße 93 ,04249,Leipzig,"", ""location""=>{:lat=>51.279374, :lng=>12.312478}}]"	Gs-60@t-online.de	http://www.gs-60.net/	Ganztagsangebote	"[""Südwest"", ""Knautkleeberg-Knauthain""]"
Grundschule - 66. Schule	http://www.leipzig.de/detailansicht-adresse/grundschule-66-schule/	Grundschule	"[{""address""=>"",,Rosenowstraße 56,04357,Leipzig,"", ""location""=>{:lat=>51.37819, :lng=>12.401803}}]"	Grundschule-66-leipzig@t-online.de	http://www.66gsleipzig.de/		"[""Nordost"", ""Mockau-Nord""]"
Grundschule - 74. Schule	http://www.leipzig.de/detailansicht-adresse/grundschule-74-schule/	Grundschule	"[{""address""=>"",,Friedrich-Dittes-Straße 23,04318,Leipzig,"", ""location""=>{:lat=>51.337199, :lng=>12.41143}}]"	Leipzig-74.grundschule@t-online.de	http://www.74-grundschule-leipzig.de/	Ganztagsangebote	"[""Anger-Crottendorf"", ""Ost""]"
Grundschule - 77. Schule	http://www.leipzig.de/detailansicht-adresse/grundschule-77-schule/	Grundschule	"[{""address""=>"",,Riebeckstraße 50,04317,Leipzig,"", ""location""=>{:lat=>51.326736, :lng=>12.402257}}]"	Gsl77@t-online.de	http://www.sn.schule.de/~gs77l/		"[""Reudnitz-Thonberg"", ""Südost""]"
Grundschule - 78. Schule	http://www.leipzig.de/detailansicht-adresse/grundschule-78-schule/	Grundschule	"[{""address""=>"",,Binzer Straße 14,04207,Leipzig,"", ""location""=>{:lat=>51.312124, :lng=>12.262228}}]"	Grundschule.78@t-online.de		Ganztagsangebote	"[""West"", ""Lausen-Grünau""]"
Grundschule - 8. Schule	http://www.leipzig.de/detailansicht-adresse/grundschule-8-schule/	Grundschule	"[{""address""=>"",,Wincklerstraße 3/5,04279,Leipzig,"", ""location""=>{:lat=>51.28661, :lng=>12.395742}}]"	8.grundschule@t-online.de	http://www.grundschule-8-leipzig.de/		"[""Dölitz-Dösen"", ""Süd""]"
Grundschule - 85. Schule	http://www.leipzig.de/detailansicht-adresse/grundschule-85-schule/	Grundschule	"[{""address""=>"",,Stuttgarter Allee 3,04209,Leipzig,"", ""location""=>{:lat=>51.31407, :lng=>12.29195}}]"	Leipzig-85.gs@t-online.de	http://www.85-gs.de/	Ganztagsangebote	"[""West"", ""Grünau-Mitte""]"
Grundschule - 9. Schule	http://www.leipzig.de/detailansicht-adresse/grundschule-9-schule/	Grundschule	"[{""address""=>"",,Gersterstraße 74,04279,Leipzig,"", ""location""=>{:lat=>51.292998, :lng=>12.390518}}]"	Neunte.grundschule-leipzig@t-online.de	http://cms.sn.schule.de/gs9l		"[""Süd"", ""Lößnig""]"
Grundschule - 90. Schule	http://www.leipzig.de/detailansicht-adresse/grundschule-90-schule/	Grundschule	"[{""address""=>"",,Garskestraße 21,04205,Leipzig,"", ""location""=>{:lat=>51.327128, :lng=>12.287128}}]"	Gs-90@t-online.de			"[""Schönau"", ""West""]"
Grundschule - 91. Schule	http://www.leipzig.de/detailansicht-adresse/grundschule-91-schule/	Grundschule	"[{""address""=>"",,Uranusstraße 1,04205,Leipzig,"", ""location""=>{:lat=>51.320927, :lng=>12.274924}}]"	post@91-gs.l.sn.schule.de	http://www.91schule-leipzig.de/		"[""West"", ""Grünau-Nord""]"
Grundschule - Adam-Friedrich-Oeser-Schule	http://www.leipzig.de/detailansicht-adresse/grundschule-adam-friedrich-oeser-schule/	Grundschule	"[{""address""=>"",,Geibelstraße 74,04129,Leipzig,"", ""location""=>{:lat=>51.363742, :lng=>12.380619}}]"	http://www.oeserschule-leipzig.de/	http://www.oeserschule-leipzig.de/	Ganztagsangebote	"[""Nord"", ""Eutritzsch""]"
Grundschule - Alfred-Kästner-Schule	http://www.leipzig.de/detailansicht-adresse/grundschule-alfred-kaestner-schule/	Grundschule	"[{""address""=>"",,Gartenwinkel 30,04158,Leipzig,"", ""location""=>{:lat=>51.392373, :lng=>12.334471}}]"	Alfred-kaestner-gs-leipzig@t-online.de		Ganztagsangebote	"[""Nordwest"", ""Lindenthal""]"
Grundschule - Anna-Magdalena-Bach-Schule	http://www.leipzig.de/detailansicht-adresse/grundschule-anna-magdalena-bach-schule/	Grundschule	"[{""address""=>"",,Manetstraße 8,04109,Leipzig,"", ""location""=>{:lat=>51.336296, :lng=>12.368352}}]"	leipzig-e.-manet-schule@t-online.de	www.edouard-manet-grundschule-leipzig.de		"[""Mitte"", ""Zentrum-West""]"
Grundschule - Astrid-Lindgren-Schule	http://www.leipzig.de/detailansicht-adresse/grundschule-astrid-lindgren-schule/	Grundschule	"[{""address""=>"",,Volksgartenstraße 16,04347,Leipzig,"", ""location""=>{:lat=>51.355839, :lng=>12.41948}}]"	sekretariat@grusalei.de	www.astrid-lindgren-schule-leipzig.de		"[""Nordost"", ""Schönefeld-Ost""]"
Grundschule - August-Bebel-Schule	http://www.leipzig.de/detailansicht-adresse/grundschule-august-bebel-schule/	Grundschule	"[{""address""=>"",,Husemannstraße 2,04315,Leipzig,"", ""location""=>{:lat=>51.341356, :lng=>12.399042}}]"	a.bebel.gs.leipzig@t-online.de	http://www.sn.schule.de/~gs-bebel-l//	Ganztagsangebote	"[""Ost"", ""Neustadt-Neuschönefeld""]"
Grundschule - Brüder-Grimm-Schule	http://www.leipzig.de/detailansicht-adresse/grundschule-brueder-grimm-schule/	Grundschule	"[{""address""=>"",,Goldsternstraße 23,04329,Leipzig,"", ""location""=>{:lat=>51.35658, :lng=>12.458153}}]"	bruedergrimmgrundschule@t-online.de	http://www.grimmschule-leipzig.de/	Ganztagsangebote	"[""Ost"", ""Paunsdorf""]"
Grundschule - Carl-von-Linné-Schule	http://www.leipzig.de/detailansicht-adresse/grundschule-carl-von-linne-schule/	Grundschule	"[{""address""=>"",,Delitzscher Straße 110,04129,Leipzig,"", ""location""=>{:lat=>51.369784, :lng=>12.386212}}]"	linneschule@t-online.de	http://www.linne-schule.de/	Ganztagsangebote	"[""Nord"", ""Eutritzsch""]"
Grundschule - Christoph-Arnold-Schule	http://www.leipzig.de/detailansicht-adresse/grundschule-christoph-arnold-schule/	Grundschule	"[{""address""=>"",,Gaswerksweg 1,04319,Leipzig,"", ""location""=>{:lat=>51.340484, :lng=>12.486289}}]"	Christoph-arnold-gs@t-online.de	http://www.arnoldschule.de/		"[""Ost"", ""Engelsdorf""]"
Grundschule - Erich Kästner-Schule	http://www.leipzig.de/detailansicht-adresse/grundschule-erich-kaestner-schule/	Grundschule	"[{""address""=>"",,Erfurter Straße 9,04155,Leipzig,"", ""location""=>{:lat=>51.360133, :lng=>12.372677}}]"	kaestnerschule@t-online.de	http://www.kaestnerschule.de/	Ganztagsangebote	"[""Nord"", ""Gohlis-Süd""]"
Grundschule - Erich-Zeigner-Schule	http://www.leipzig.de/detailansicht-adresse/grundschule-erich-zeigner-schule/	Grundschule	"[{""address""=>"",,Erich-Zeigner-Allee 24/26 ,04229,Leipzig,"", ""location""=>{:lat=>51.327456, :lng=>12.338425}}]"	Erich-zeigner-gs-leipzig@t-online.de	http://www.erich-zeigner-grundschule.de/	Ganztagsangebote,Schulbibliothek	"[""Südwest"", ""Plagwitz""]"
Grundschule - Ernst-Pinkert-Schule	http://www.leipzig.de/detailansicht-adresse/grundschule-ernst-pinkert-schule/	Grundschule	"[{""address""=>"",,Martinstraße 7,04318,Leipzig,"", ""location""=>{:lat=>51.332296, :lng=>12.412046}}]"	Grundschule-25.leipzig@t-online.de	http://ernstpinkert.thomaskeller.biz/		"[""Ost"", ""Anger-Crottendorf""]"
Grundschule - Franz-Mehring-Schule	http://www.leipzig.de/detailansicht-adresse/grundschule-franz-mehring-schule/	Grundschule	"[{""address""=>"",,Gletschersteinstraße 9,04299,Leipzig,"", ""location""=>{:lat=>51.316581, :lng=>12.425004}}]"	Franz-mehring-grundschule@t-online.de	http://www.franz-mehring-grundschule.homepage.t-online.de/	Ganztagsangebote,Schulbibliothek	"[""Südost"", ""Stötteritz""]"
Grundschule - Friedrich-Fröbel-Schule	http://www.leipzig.de/detailansicht-adresse/grundschule-friedrich-froebel-schule/	Grundschule	"[{""address""=>"",,Mannheimer Straße 128 c,04209,Leipzig,"", ""location""=>{:lat=>51.31353, :lng=>12.28703}}]"	Froebelschule-leipzig@t-online.de	http://www.froebelschule-leipzig.de/	Ganztagsangebote,Schulbibliothek	"[""West"", ""Grünau-Mitte""]"
Grundschule - Geschwister-Scholl-Schule	http://www.leipzig.de/detailansicht-adresse/grundschule-geschwister-scholl-schule/	Grundschule	"[{""address""=>"",,Elsbethstraße 1,04155,Leipzig,"", ""location""=>{:lat=>51.363437, :lng=>12.365707}}]"	Geschwister-scholl-gs-leipzig@t-online.de	http://cms.sn.schule.de/gsgeschwisterscholl	Ganztagsangebote	"[""Nord"", ""Gohlis-Süd""]"
Grundschule - Hans-Christian-Andersen-Schule	http://www.leipzig.de/detailansicht-adresse/grundschule-hans-christian-andersen-schule/	Grundschule	"[{""address""=>"",,Louis-Fürnberg-Straße 2,04318,Leipzig,"", ""location""=>{:lat=>51.348984, :lng=>12.425708}}]"	Gs-andersen@t-online.de	http://cms.sn.schule.de/gsandersen		"[""Ost"", ""Sellerhausen-Stünz""]"
Grundschule - Hans-Kroch-Schule	http://www.leipzig.de/detailansicht-adresse/grundschule-hans-kroch-schule/	Grundschule	"[{""address""=>"",,Jörgen-Schmidtchen-Weg 8,04157,Leipzig,"", ""location""=>{:lat=>39.390897, :lng=>-99.066067}}]"	Leipzig-75.gs@t-online.de	http://www.75-gs-leipzig.de/	Ganztagsangebote	"[""Nord"", ""Gohlis-Nord""]"
Grundschule - Heinrich-Mann-Schule	http://www.leipzig.de/detailansicht-adresse/grundschule-heinrich-mann-schule/	Grundschule	"[{""address""=>"",,Schwarzenbergweg 4,04289,Leipzig,"", ""location""=>{:lat=>51.289222, :lng=>12.434723}}]"	Heinrich-mann-schule-leipzig@t-online.de	http://www.heinrich-mann-grundschule.de/	Ganztagsangebote	"[""Südost"", ""Meusdorf""]"
Grundschule - Joachim-Ringelnatz-Schule	http://www.leipzig.de/detailansicht-adresse/grundschule-joachim-ringelnatz-schule/	Grundschule	"[{""address""=>"",,Grünauer Allee 35,04209,Leipzig,"", ""location""=>{:lat=>51.31952, :lng=>12.304294}}]"	Ringelnatzschule-Leipzig@t-online.de		Ganztagsangebote	"[""West"", ""Grünau-Ost""]"
Grundschule - Karl-Liebknecht-Schule	http://www.leipzig.de/detailansicht-adresse/grundschule-karl-liebknecht-schule/	Grundschule	"[{""address""=>"",,Heinrich-Mann-Straße 1,04157,Leipzig,"", ""location""=>{:lat=>51.372726, :lng=>12.373185}}]"	karli-gs@t-online.de	http://www.karl-liebknecht-schule.de/	Ganztagsangebote	"[""Nord"", ""Gohlis-Nord""]"
Grundschule - Lessingschule	http://www.leipzig.de/detailansicht-adresse/grundschule-lessingschule/	Grundschule	"[{""address""=>"",,Lessingstraße 27,04109,Leipzig,"", ""location""=>{:lat=>51.342061, :lng=>12.362702}}]"	info@lessing-grundschule.de	http://www.lessing-grundschule.de/	Ganztagsangebote,Schulbibliothek	"[""Mitte"", ""Zentrum-West""]"
Grundschule - Marienbrunner Schule	http://www.leipzig.de/detailansicht-adresse/grundschule-marienbrunner-schule/	Grundschule	"[{""address""=>"",,An der Märchenwiese 49,04277,Leipzig,"", ""location""=>{:lat=>51.305681, :lng=>12.401217}}]"	Marienbrunner-grundschule@t-online.de	http://www.sn.schule.de/~gsmariel/		"[""Süd"", ""Marienbrunn""]"
Grundschule - Pablo-Neruda-Schule	http://www.leipzig.de/detailansicht-adresse/grundschule-pablo-neruda-schule/	Grundschule	"[{""address""=>"",,Tarostraße 6,04103,Leipzig,"", ""location""=>{:lat=>51.32611, :lng=>12.384882}}]"	pablo-neruda-schule-leipzig@t-online.de	http://www.pablo-neruda-schule.de/	Ganztagsangebote,Schulbibliothek	"[""Mitte"", ""Zentrum-Südost""]"
Grundschule - Paul-Robeson-Schule	http://www.leipzig.de/detailansicht-adresse/grundschule-paul-robeson-schule/	Grundschule	"[{""address""=>"",,Jungmannstraße 5,04159,Leipzig,"", ""location""=>{:lat=>51.382104, :lng=>12.32164}}]"	Paul-robeson-gs-leipzig@web.de	http://www.paul-robeson-grundschule.de	Ganztagsangebote	"[""Nordwest"", ""Wahren""]"
Grundschule - Schule 5 im Stadtbezirk Mitte	http://www.leipzig.de/detailansicht-adresse/grundschule-schule-5-im-stadtbezirk-mitte/	Grundschule	"[{""address""=>"",,Eitingonsstraße 5,04105,Leipzig,"", ""location""=>{:lat=>39.390897, :lng=>-99.066067}}]"	Schule5@t-online.de	schule5.zoopal.de	Ganztagsangebote	"[""Zentrum-Nordwest"", ""Mitte""]"
Grundschule - Schule am Adler	http://www.leipzig.de/detailansicht-adresse/grundschule-schule-am-adler/	Grundschule	"[{""address""=>"",,Antonienstraße 24,04229,Leipzig,"", ""location""=>{:lat=>51.320547, :lng=>12.329258}}]"	Gs-am-adler@t-online.de			"[""Südwest"", ""Kleinzschocher""]"
Grundschule - Schule am Auwald	http://www.leipzig.de/detailansicht-adresse/grundschule-schule-am-auwald/	Grundschule	"[{""address""=>"",,Rödelstraße 6,04229,Leipzig,"", ""location""=>{:lat=>51.318794, :lng=>12.343}}]"	Gs-49@t-online.de	http://www.schule-am-auwald.de/	Ganztagsangebote,Schulbibliothek	"[""Südwest"", ""Schleußig""]"
Grundschule - Schule am Floßplatz	http://www.leipzig.de/detailansicht-adresse/grundschule-schule-am-flossplatz/	Grundschule	"[{""address""=>"",,Hohe Straße 45,04107,Leipzig,"", ""location""=>{:lat=>51.329523, :lng=>12.372802}}]"	schuleamflossplatz-gs-@t-online.de	http://www.sn.schule.de/~gs-flossplatz/	Ganztagsangebote	"[""Mitte"", ""Zentrum-Süd""]"
Grundschule - Schule am Rabet	http://www.leipzig.de/detailansicht-adresse/grundschule-schule-am-rabet/	Grundschule	"[{""address""=>"",,Eisenbahnstraße 50,04315,Leipzig,"", ""location""=>{:lat=>51.345261, :lng=>12.400796}}]"	SchuleamRabet@t-online.de			"[""Ost"", ""Neustadt-Neuschönefeld""]"
Grundschule - Schule Böhlitz-Ehrenberg	http://www.leipzig.de/detailansicht-adresse/grundschule-schule-boehlitz-ehrenberg/	Grundschule	"[{""address""=>"",,Heinrich-Heine-Straße 64,04178,Leipzig,"", ""location""=>{:lat=>51.357245, :lng=>12.288814}}]"	Grundschule-boehlitz-ehrenberg@t-online.de	http://www.grundschule-be.de/		"[""Alt-West"", ""Böhlitz-Ehrenberg""]"
Grundschule - Schule Connewitz	http://www.leipzig.de/detailansicht-adresse/grundschule-schule-connewitz/	Grundschule	"[{""address""=>"",,Zwenkauer Straße 35,04277,Leipzig,"", ""location""=>{:lat=>51.309754, :lng=>12.37933}}]"	54.gs.leipzig@gmx.de	http://www.54grundschule.de/	Ganztagsangebote	"[""Süd"", ""Connewitz""]"
Grundschule - Schule Gundorf	http://www.leipzig.de/detailansicht-adresse/grundschule-schule-gundorf/	Grundschule	"[{""address""=>"",,Leipziger Straße 210,04178,Leipzig,"", ""location""=>{:lat=>51.361786, :lng=>12.272303}}]"	Grundschule.gundorf@t-online.de	http://www.grundschule-gundorf.de/	Ganztagsangebote	"[""Alt-West"", ""Böhlitz-Ehrenberg""]"
Grundschule - Schule Holzhausen	http://www.leipzig.de/detailansicht-adresse/grundschule-schule-holzhausen/	Grundschule	"[{""address""=>"",,Stötteritzer Landstraße 21,04288,Leipzig,"", ""location""=>{:lat=>51.304922, :lng=>12.46582}}]"	gsholzhausen@t-online.de	http://www.sn.schule.de/~gsholzhausen/	Ganztagsangebote	"[""Südost"", ""Stötteritz""]"
Grundschule - Schule Liebertwolkwitz	http://www.leipzig.de/detailansicht-adresse/grundschule-schule-liebertwolkwitz/	Grundschule	"[{""address""=>"",,Am Angerteich 2,04288,Leipzig,"", ""location""=>{:lat=>51.283793, :lng=>12.458814}}]"	sportgrundschule@gmx.de	http://www.sportgrundschule.de/	Ganztagsangebote,Schulbibliothek	"[""Liebertwolkwitz"", ""Südost""]"
Grundschule - Schule Miltitz	http://www.leipzig.de/detailansicht-adresse/grundschule-schule-miltitz/	Grundschule	"[{""address""=>"",,Großmiltitzer Straße 4,04205,Leipzig,"", ""location""=>{:lat=>51.319427, :lng=>12.261507}}]"	schule-miltitz@t-online.de		Ganztagsangebote	"[""West"", ""Miltitz""]"
Grundschule - Schule Mölkau	http://www.leipzig.de/detailansicht-adresse/grundschule-schule-moelkau/	Grundschule	"[{""address""=>"",,Schulstraße 6,04316,Leipzig,"", ""location""=>{:lat=>51.331511, :lng=>12.4448}}]"	gsmoelkau@t-online.de	http://www.sn.schule.de/~gsmoelkau/	Ganztagsangebote	"[""Ost"", ""Mölkau""]"
Grundschule - Schule Portitz	http://www.leipzig.de/detailansicht-adresse/grundschule-schule-portitz/	Grundschule	"[{""address""=>"",,Göbschelwitzer Weg 1,04349,Leipzig,"", ""location""=>{:lat=>51.387285, :lng=>12.452856}}]"	Gsportitz@t-online.de	www.grundschule-portitz.de		"[""Nordost"", ""Plaußig-Portitz""]"
Grundschule - Schule Rückmarsdorf	http://www.leipzig.de/detailansicht-adresse/grundschule-schule-rueckmarsdorf/	Grundschule	"[{""address""=>"",,An der Friedenseiche 4,04178,Leipzig,"", ""location""=>{:lat=>51.343666, :lng=>12.251919}}]"	Gs-rueckmarsdorf@t-online.de	http://www.grundschule-rueckmarsdorf.de/	Ganztagsangebote	"[""Alt-West"", ""Burghausen-Rückmarsdorf""]"
Grundschule - Schule Seehausen	http://www.leipzig.de/detailansicht-adresse/grundschule-schule-seehausen/	Grundschule	"[{""address""=>"",,Seehausener Allee 17,04356,Leipzig,"", ""location""=>{:lat=>51.39895, :lng=>12.399672}}]"	Schule-seehausen@t-online.de	http://people.freenet.de/schule-seehausen	Ganztagsangebote	"[""Nord"", ""Seehausen""]"
Grundschule - Schule Stahmeln	http://www.leipzig.de/detailansicht-adresse/grundschule-schule-stahmeln/	Grundschule	"[{""address""=>"",,Stahmelner Höhe 1,04159,Leipzig,"", ""location""=>{:lat=>51.380602, :lng=>12.305018}}]"	Grundschule-stahmeln@t-online.de	http://www.grundschulestahmeln.de/	Ganztagsangebote	"[""Nordwest"", ""Wahren""]"
Grundschule - Schule Wiederitzsch	http://www.leipzig.de/detailansicht-adresse/grundschule-schule-wiederitzsch/	Grundschule	"[{""address""=>"",,Zur Schule 11,04158,Leipzig,"", ""location""=>{:lat=>51.393569, :lng=>12.372415}}]"	grundschule-wiederitzsch@t-online.de	http://www.grundschule-wiederitzsch.de/	Ganztagsangebote	"[""Wiederitzsch"", ""Nord""]"
Grundschule - Theodor-Körner-Schule	http://www.leipzig.de/detailansicht-adresse/grundschule-theodor-koerner-schule/	Grundschule	"[{""address""=>"",,Schlehenweg 32,04329,Leipzig,"", ""location""=>{:lat=>51.35382, :lng=>12.461895}}]"	Th.-koerner-schule@t-online.de	http://www.sn.schule.de/~gskoernl//	Ganztagsangebote	"[""Ost"", ""Paunsdorf""]"
Grundschule - Wilhelm-Busch-Schule	http://www.leipzig.de/detailansicht-adresse/grundschule-wilhelm-busch-schule/	Grundschule	"[{""address""=>"",,Heinrichstraße 43/45,04317,Leipzig,"", ""location""=>{:lat=>51.337966, :lng=>12.401421}}]"	Wilhelm-busch-schule-leipzig@t-online.de	http://www.wilhelm-busch-schule-leipzig.de/	Ganztagsangebote	"[""Südost"", ""Reudnitz-Thonberg""]"
Grundschule - Wilhelm-Hauff-Schule	http://www.leipzig.de/detailansicht-adresse/grundschule-wilhelm-hauff-schule/	Grundschule	"[{""address""=>"",,Diderot Straße 37,04159,Leipzig,"", ""location""=>{:lat=>39.390897, :lng=>-99.066067}}]"	W.-Hauff-Grundschule@t-online.de	http://cms.sn.schule.de/hauffgs		"[""Nordwest"", ""Möckern""]"
Grundschule - Wilhelm-Wander-Schule	http://www.leipzig.de/detailansicht-adresse/grundschule-wilhelm-wander-schule/	Grundschule	"[{""address""=>"",,Schulze-Delitzsch-Straße 23,04315,Leipzig,"", ""location""=>{:lat=>51.348545, :lng=>12.402998}}]"	WI-wa-schule@t-online.de	http://www.sn.schule.de/~gs-wi-wa/	Ganztagsangebote	"[""Ost"", ""Volkmarsdorf""]"
Freier Träger - Freie Oberschule Dr. P. Rahn & Partner	http://www.leipzig.de/detailansicht-adresse/freier-traeger-freie-oberschule-dr-p-rahn-partner/	Oberschule	"[{""address""=>"",,Kochstraße 28a,04275,Leipzig,"", ""location""=>{:lat=>51.321519, :lng=>12.370391}}]"	mittelschule-lpz@rahn-schulen.de	http://www.rahn-schulen.de/mittelschule-lpz/		"[""Süd"", ""Südvorstadt""]"
Freier Träger - Oberschule Gohlis	http://www.leipzig.de/detailansicht-adresse/freier-traeger-oberschule-gohlis/	Oberschule	"[{""address""=>"",,Lützowstraße 8,04155,Leipzig,"", ""location""=>{:lat=>51.359537, :lng=>12.36887}}]"	gohlis@schugel.de	http://www.schugel.de/Schulen_fur_gemeinschaftliches_Lernen/Willkommen.html		"[""Nord"", ""Gohlis-Mitte""]"
Freier Träger - TÜV Oberschule Leipzig	http://www.leipzig.de/detailansicht-adresse/freier-traeger-tuev-oberschule-leipzig/	Oberschule	"[{""address""=>"",,Paul-Gruner-Straße 59,04107,Leipzig,"", ""location""=>{:lat=>51.328885, :lng=>12.370455}}]"	ralf.schildroth@de.tuv.com	http://www.tuev-mittelschule.de/		"[""Mitte"", ""Zentrum-Süd""]"
Oberschule - 125. Schule	http://www.leipzig.de/detailansicht-adresse/oberschule-125-schule/	Oberschule	"[{""address""=>"",,Heinrichstraße 43/45,04317,Leipzig,"", ""location""=>{:lat=>51.337966, :lng=>12.401421}}]"	info@125-mittelschule-leipzig.de	http://www.sn.schule.de/~ms125l/	Ganztagsangebote	"[""Ost"", ""Reudnitz-Thonberg""]"
Oberschule - 16. Schule	http://www.leipzig.de/detailansicht-adresse/oberschule-16-schule/	Oberschule	"[{""address""=>"",,Konradstraße 67,04315,Leipzig,"", ""location""=>{:lat=>51.34451, :lng=>12.408846}}]"	post@ms16.de	http://www.ms16.de/	Ganztagsangebote,Schulbibliothek	"[""Volkmarsdorf"", ""Ost""]"
Oberschule - 20. Schule	http://www.leipzig.de/detailansicht-adresse/oberschule-20-schule/	Oberschule	"[{""address""=>"",,Bästleinstraße 14,04347,Leipzig,"", ""location""=>{:lat=>51.354561, :lng=>12.426237}}]"	20.Schule-MS@web.de	http://www.20schule-ms.de/	Ganztagsangebote	"[""Schönefeld-Ost"", ""Nordost""]"
Oberschule - 35. Schule	http://www.leipzig.de/detailansicht-adresse/oberschule-35-schule/	Oberschule	"[{""address""=>"",,Virchowstraße 4/6,04157,Leipzig,"", ""location""=>{:lat=>51.371349, :lng=>12.376954}}]"	35.Mittelschule-Leipzig@gmx.de	http://www.35mittelschule-leipzig.de/	Ganztagsangebote	"[""Gohlis-Mitte"", ""Nord""]"
Oberschule - 56. Schule	http://www.leipzig.de/detailansicht-adresse/oberschule-56-schule/	Oberschule	"[{""address""=>"",,Dieskaustraße 213,04249,Leipzig,"", ""location""=>{:lat=>51.29988, :lng=>12.328149}}]"	sekretariat@56-Mittelschule-Leipzig.de	http://www.56-mittelschule-leipzig.de/	Ganztagsangebote,Schulbibliothek	"[""Südwest"", ""Großzschocher""]"
Oberschule - 68. Schule	http://www.leipzig.de/detailansicht-adresse/oberschule-68-schule/	Oberschule	"[{""address""=>"",,Breitenfelder Straße 19,04155,Leipzig,"", ""location""=>{:lat=>51.365449, :lng=>12.362161}}]"	Leipzig-ms68@t-online.de	http://www.mittelschule-moeckern.de/	Ganztagsangebote,Schulbibliothek	"[""Nord"", ""Gohlis-Süd""]"
Oberschule - 84. Schule	http://www.leipzig.de/detailansicht-adresse/oberschule-84-schule/	Oberschule	"[{""address""=>"",,Stuttgarter Allee 5,04209,Leipzig,"", ""location""=>{:lat=>51.314568, :lng=>12.291734}}]"	Leipzig-84.ms@t-online.de	http://www.84-ms-leipzig.de/	Ganztagsangebote	"[""Grünau-Mitte"", ""West""]"
Oberschule - 94. Schule	http://www.leipzig.de/detailansicht-adresse/oberschule-94-schule/	Oberschule	"[{""address""=>"",,Miltitzer Weg 3,04205,Leipzig,"", ""location""=>{:lat=>51.320376, :lng=>12.266481}}]"	Sekretariat94.ms@web.de	http://www.94ms.de.vu/	Ganztagsangebote	"[""West"", ""Grünau-Nord""]"
Oberschule - Apollonia-von-Wiedebach-Schule	http://www.leipzig.de/detailansicht-adresse/oberschule-apollonia-von-wiedebach-schule/	Oberschule	"[{""address""=>"",,Arno-Nitzsche-Straße 7,04277,Leipzig,"", ""location""=>{:lat=>51.311058, :lng=>12.375034}}]"	wiedebachschule-leipzig@t-online.de	http://www.wiedebachschule-leipzig.de/	Ganztagsangebote	"[""Süd"", ""Connewitz""]"
Oberschule - Georg-Schumann-Schule	http://www.leipzig.de/detailansicht-adresse/oberschule-georg-schumann-schule/	Oberschule	"[{""address""=>"",,Glockenstraße 6,04103,Leipzig,"", ""location""=>{:lat=>51.333037, :lng=>12.382644}}]"	GSSchule@gmx.de	http://www.georg-schumann-schule.de/	Ganztagsangebote	"[""Zentrum-Südost"", ""Mitte""]"
Oberschule - Geschwister-Scholl-Schule Liebertwolkwitz	http://www.leipzig.de/detailansicht-adresse/oberschule-geschwister-scholl-schule-liebertwolkwitz/	Oberschule	"[{""address""=>"",,Am Angerteich 2,04288,Leipzig,"", ""location""=>{:lat=>51.283793, :lng=>12.458814}}]"	Mittelschule-Liebertwolkwitz@t-online.de	http://www.sn.schule.de/~ms-liebertwolkwitz/	Ganztagsangebote,Schulbibliothek	"[""Südost"", ""Liebertwolkwitz""]"
Oberschule - Heinrich-Pestalozzi-Schule	http://www.leipzig.de/detailansicht-adresse/oberschule-heinrich-pestalozzi-schule/	Oberschule	"[{""address""=>"",,Pestalozzistra0ße 39/41,04178,Leipzig,"", ""location""=>{:lat=>39.390897, :lng=>-99.066067}}]"	mshpestalozzi@t-online.de	http://cms.sn.schule.de/mspestal/start/	Ganztagsangebote	"[""Alt-West"", ""Böhlitz-Ehrenberg""]"
Oberschule - Helmholtzschule	http://www.leipzig.de/detailansicht-adresse/oberschule-helmholtzschule/	Oberschule	"[{""address""=>"",,Helmholtzstraße 6,04177,Leipzig,"", ""location""=>{:lat=>51.332908, :lng=>12.329114}}]"	mshelmholtz@t-online.de	http://www.helmholtzschule-leipzig.de/	Ganztagsangebote,Schulbibliothek	"[""Lindenau"", ""Alt-West""]"
Oberschule - Lene-Voigt-Schule	http://www.leipzig.de/detailansicht-adresse/oberschule-lene-voigt-schule/	Oberschule	"[{""address""=>"",,Willi-Bredel-Straße 11,04279,Leipzig,"", ""location""=>{:lat=>51.301054, :lng=>12.401115}}]"	Schulleitung@Lene-Voigt-Schule-Leipzig.de	http://www.lene-voigt-schule-leipzig.de/	Ganztagsangebote	"[""Süd"", ""Lößnig""]"
Oberschule - Paul-Robeson-Schule	http://www.leipzig.de/detailansicht-adresse/oberschule-paul-robeson-schule/	Oberschule	"[{""address""=>"",,Jungmannstraße 5,04159,Leipzig,"", ""location""=>{:lat=>51.382104, :lng=>12.32164}}]"	paul-robeson-mittelschule@t-online.de	http://www.sn.schule.de/~ms-robeson-l/	Ganztagsangebote	"[""Wahren"", ""Nordwest""]"
Oberschule - Petrischule	http://www.leipzig.de/detailansicht-adresse/oberschule-petrischule/	Oberschule	"[{""address""=>"",,Paul-Gruner-Straße 50,04107,Leipzig,"", ""location""=>{:lat=>51.328724, :lng=>12.372446}}]"	petrischule.leipzig@t-online.de	http://www.petrischule-leipzig.de/	Ganztagsangebote	"[""Mitte"", ""Zentrum-Süd""]"
Oberschule - Schule Am Adler	http://www.leipzig.de/detailansicht-adresse/oberschule-schule-am-adler/	Oberschule	"[{""address""=>"",,Antonienstraße 24,04229,Leipzig,"", ""location""=>{:lat=>51.320547, :lng=>12.329258}}]"	ms-adler-leipzig@web.de	http://www.schuleamadler.de/	Ganztagsangebote,Schulbibliothek	"[""Kleinzschocher"", ""Südwest""]"
Oberschule - Schule Mölkau	http://www.leipzig.de/detailansicht-adresse/oberschule-schule-moelkau/	Oberschule	"[{""address""=>"",,Schulstraße 6,04316,Leipzig,"", ""location""=>{:lat=>51.331511, :lng=>12.4448}}]"	ms-moelkau-sl@t-online.de	http://www.sn.schule.de/~ms-moelkau/	Ganztagsangebote	"[""Ost"", ""Mölkau""]"
Oberschule - Schule Paunsdorf	http://www.leipzig.de/detailansicht-adresse/oberschule-schule-paunsdorf/	Oberschule	"[{""address""=>"",,Zum Wäldchen 4,04329,Leipzig,"", ""location""=>{:lat=>51.353743, :lng=>12.466152}}]"	mittelschule.leipzig-paunsdorf@t-online.de	http://www.mittelschule-leipzig-paunsdorf.de/	Schulbibliothek	"[""Ost"", ""Paunsdorf""]"
Oberschule - Schule Portitz	http://www.leipzig.de/detailansicht-adresse/oberschule-schule-portitz/	Oberschule	"[{""address""=>"",,Lidicestraße 12,04349,Leipzig,"", ""location""=>{:lat=>51.377764, :lng=>12.43338}}]"	MSPortitz_Verwaltung@web.de	http://www.mittelschule-portitz.de/wp/	Ganztagsangebote,Schulbibliothek	"[""Nordost"", ""Thekla""]"
Oberschule - Schule Wiederitzsch	http://www.leipzig.de/detailansicht-adresse/oberschule-schule-wiederitzsch/	Oberschule	"[{""address""=>"",,Zur Schule 11,04158,Leipzig,"", ""location""=>{:lat=>51.393569, :lng=>12.372415}}]"	oberschule-wiederitzsch@web.de	http://www.oberschule-wiederitzsch.de	Ganztagsangebote	"[""Nord"", ""Wiederitzsch""]"
Sportoberschule Leipzig	http://www.leipzig.de/detailansicht-adresse/sportoberschule-leipzig/	Oberschule	"[{""address""=>"",,Max-Planck-Straße 1/3,04105,Leipzig,"", ""location""=>{:lat=>51.345787, :lng=>12.353667}}]"	sportmittelschule-leipzig@t-online.de	http://www.sportmittelschule-leipzig.de/	Ganztagsangebote	"[""Zentrum-West"", ""Mitte""]"
Gemeinschaftsschule - Nachbarschaftsschule	http://www.leipzig.de/detailansicht-adresse/gemeinschaftsschule-nachbarschaftsschule/	Gemeinschaftsschule	"[{""address""=>"",,Gemeindeamtsstraße 8/10,04177,Leipzig,"", ""location""=>{:lat=>51.337058, :lng=>12.330929}}]"	nasch-leipzig@t-online.de	http://www.nasch.de/	Ganztagsangebote,Schulbibliothek	"[""Alt-West"", ""Altlindenau""]"
Freier Träger - Musikalisch-Sportliches Gymnasium	http://www.leipzig.de/detailansicht-adresse/freier-traeger-musikalisch-sportliches-gymnasium/	Gymnasium	"[{""address""=>"",,Salomonstraße 10,04103,Leipzig,"", ""location""=>{:lat=>51.339603, :lng=>12.389001}}]"	gymnasium-lpz@rahn-schulen.de	http://www.rahndittrich.de/gymnasium-lpz		"[""Mitte"", ""Zentrum""]"
Gymnasium - Anton-Philipp-Reclam-Schule	http://www.leipzig.de/detailansicht-adresse/gymnasium-anton-philipp-reclam-schule/	Gymnasium	"[{""address""=>"",,Tarostraße 4,04103,Leipzig,"", ""location""=>{:lat=>51.325257, :lng=>12.385751}}]"	reclamgymnasium@franz-leipzig.eu	http://www.reclamgymnasium.de/	Ganztagsangebote,Schulbibliothek	"[""Mitte"", ""Zentrum-Südost""]"
Gymnasium - Friedrich-Arnold-Brockhaus-Schule	http://www.leipzig.de/detailansicht-adresse/gymnasium-friedrich-arnold-brockhaus-schule/	Gymnasium	"[{""address""=>"",,Kieler Straße 72 b,04357,Leipzig,"", ""location""=>{:lat=>51.376574, :lng=>12.420512}}]"	kontakt@brockhaus-gymnasium.de	http://www.brockhaus-gymnasium.de/	Ganztagsangebote,Schulbibliothek	"[""Mockau-Nord"", ""Nordost""]"
Gymnasium - Friedrich-Schiller-Schule	http://www.leipzig.de/detailansicht-adresse/gymnasium-friedrich-schiller-schule/	Gymnasium	"[{""address""=>"",,Elsbethstraße 2/4,04155,Leipzig,"", ""location""=>{:lat=>51.363437, :lng=>12.365707}}]"	sekretariat@fschillerg.de	http://www.fschillerg.de/	Ganztagsangebote,Schulbibliothek	"[""Nord"", ""Gohlis-Süd""]"
Gymnasium - Gustav-Hertz-Schule	http://www.leipzig.de/detailansicht-adresse/gymnasium-gustav-hertz-schule/	Gymnasium	"[{""address""=>"",,Dachsstraße 5,04329,Leipzig,"", ""location""=>{:lat=>51.357003, :lng=>12.469259}}]"	GHGSekretariat@gmx.de	http://www.gustav-hertz-gymnasium.de/	Ganztagsangebote,Schulbibliothek	"[""Heiterblick"", ""Ost""]"
Gymnasium - Humboldt-Schule	http://www.leipzig.de/detailansicht-adresse/gymnasium-humboldt-schule/	Gymnasium	"[{""address""=>"",,Möbiusstraße 8,04317,Leipzig,"", ""location""=>{:lat=>51.330427, :lng=>12.408236}}]"	schule@humboldt-leipzig.de	http://marvin.sn.schule.de/~humboldt-leipzig	Ganztagsangebote,Schulbibliothek	"[""Südost"", ""Reudnitz-Thonberg""]"
Gymnasium - Immanuel-Kant-Schule	http://www.leipzig.de/detailansicht-adresse/gymnasium-immanuel-kant-schule/	Gymnasium	"[{""address""=>"",,Scharnhorststraße 15,04275,Leipzig,"", ""location""=>{:lat=>51.319969, :lng=>12.372432}}]"	Kant-Gymnasium@t-online.de	http://www.kantgym-leipzig.de/	Ganztagsangebote,Schulbibliothek	"[""Süd"", ""Südvorstadt""]"
Gymnasium - Johannes-Kepler-Schule	http://www.leipzig.de/detailansicht-adresse/gymnasium-johannes-kepler-schule/	Gymnasium	"[{""address""=>"",,Dieskaustraße 76,04229,Leipzig,"", ""location""=>{:lat=>51.313804, :lng=>12.324318}}]"	jkg-leipzig@gmx.de	http://www.johannes-kepler-gymnasium.de/	Ganztagsangebote,Schulbibliothek	"[""Kleinzschocher"", ""Südwest""]"
Gymnasium - Leibnizschule	http://www.leipzig.de/detailansicht-adresse/gymnasium-leibnizschule/	Gymnasium	"[{""address""=>"",,Nordplatz 13,04105,Leipzig,"", ""location""=>{:lat=>51.352158, :lng=>12.375162}}]"	Leibniz.gym@t-online.de	http://www.leibniz-gymnasium-leipzig.de/	Ganztagsangebote,Schulbibliothek	"[""Mitte"", ""Zentrum-Nord""]"
Gymnasium - Lousie-Otto-Peters-Schule	http://www.leipzig.de/detailansicht-adresse/gymnasium-lousie-otto-peters-schule/	Gymnasium	"[{""address""=>"",,Bornaische Straße 104,04277,Leipzig,"", ""location""=>{:lat=>51.301798, :lng=>12.383084}}]"	sekretariat@lops-leipzig.de	http://cms.sn.schule.de/nnsl	Ganztagsangebote	"[""Süd"", ""Connewitz""]"
Gymnasium - Max-Klinger-Schule	http://www.leipzig.de/detailansicht-adresse/gymnasium-max-klinger-schule/	Gymnasium	"[{""address""=>"",,Miltitzer Weg 2/4,04205,Leipzig,"", ""location""=>{:lat=>51.322203, :lng=>12.2662}}]"	verwaltung@klingerschule.de	http://www.klingerschule.de/	Ganztagsangebote,Schulbibliothek	"[""Grünau-Nord"", ""West""]"
Gymnasium - Neue Nikolaischule	http://www.leipzig.de/detailansicht-adresse/gymnasium-neue-nikolaischule/	Gymnasium	"[{""address""=>"",,Schönbachstraße 17,04299,Leipzig,"", ""location""=>{:lat=>51.320779, :lng=>12.413604}}]"	nikolaigymnasium@t-online.de	http://www.neuenikolaischule.de/	Ganztagsangebote,Schulbibliothek	"[""Südost"", ""Stötteritz""]"
Gymnasium - Robert-Schumann-Schule	http://www.leipzig.de/detailansicht-adresse/gymnasium-robert-schumann-schule/	Gymnasium	"[{""address""=>"",,Demmeringstraße 84,04177,Leipzig,"", ""location""=>{:lat=>51.335439, :lng=>12.322807}}]"	postmaster@rsg-leipzig.de	http://www.robert-schumann-gymnasium-leipzig.de/	Ganztagsangebote,Schulbibliothek	"[""Alt-West"", ""Altlindenau""]"
Gymnasium - Thomasschule zu Leipzig	http://www.leipzig.de/detailansicht-adresse/gymnasium-thomasschule-zu-leipzig/	Gymnasium	"[{""address""=>"",,Hillerstraße 7,04109,Leipzig,"", ""location""=>{:lat=>51.336516, :lng=>12.359447}}]"	rektor@thomasschule.de	http://www.thomasschule.de/	Ganztagsangebote,Schulbibliothek	"[""Mitte"", ""Zentrum-West""]"
Gymnasium - Werner-Heisenberg-Schule	http://www.leipzig.de/detailansicht-adresse/gymnasium-werner-heisenberg-schule/	Gymnasium	"[{""address""=>"",,Renftstraße 3,04159,Leipzig,"", ""location""=>{:lat=>39.390897, :lng=>-99.066067}}]"	gyheis@web.de	http://www.whs-leipzig.de/	Ganztagsangebote,Schulbibliothek	"[""Möckern"", ""Nordwest""]"
Gymnasium - Wilhelm-Ostwald-Schule	http://www.leipzig.de/detailansicht-adresse/gymnasium-wilhelm-ostwald-schule/	Gymnasium	"[{""address""=>"",,Willi-Bredel-Straße 13/15,04279,Leipzig,"", ""location""=>{:lat=>51.300362, :lng=>12.402688}}]"	sekretariat@ostwaldportal.de	http://www.ostwaldportal.de/	Ganztagsangebote,Schulbibliothek	"[""Lößnig"", ""Süd""]"
Gymnasium Engelsdorf	http://www.leipzig.de/detailansicht-adresse/gymnasium-engelsdorf/	Gymnasium	"[{""address""=>"",,Arthur-Winkler-Straße 6,04319,Leipzig,"", ""location""=>{:lat=>51.335253, :lng=>12.481164}}]"	sekretariat@gymnasiumengelsdorf.de	http://www.gymnasiumengelsdorf.de/	Ganztagsangebote,Schulbibliothek	"[""Engelsdorf"", ""Ost""]"
Landesgymnasium für Sport Leipzig	http://www.leipzig.de/detailansicht-adresse/landesgymnasium-fuer-sport-leipzig/	Gymnasium	"[{""address""=>"",,Marschnerstraße 30,04109,Leipzig,"", ""location""=>{:lat=>51.339268, :lng=>12.355734}}]"	sportgymnasium@web.de	http://www.sportgymnasium-leipzig.de/	Ganztagsangebote,Schulbibliothek	"[""Mitte"", ""Zentrum-West""]"
Betreuungsangebot Förderzentrum für Erziehungshilfe, Schulteil A	http://www.leipzig.de/detailansicht-adresse/betreuungsangebot-foerderzentrum-fuer-erziehungshilfe-schulteil-a/	Foerderschule	"[{""address""=>"",,Garskestraße 21,04205,Leipzig,"", ""location""=>{:lat=>51.327128, :lng=>12.287128}}]"	bta-erziehungshilfe-fz@horte-leipzig.de			"[""West"", ""Schönau""]"
Betreuungsangebot Förderzentrum für Erziehungshilfe, Schulteil B	http://www.leipzig.de/detailansicht-adresse/betreuungsangebot-foerderzentrum-fuer-erziehungshilfe-schulteil-b/	Foerderschule	"[{""address""=>"",,Garskestraße 19,04205,Leipzig,"", ""location""=>{:lat=>51.32638, :lng=>12.287431}}]"	bta-erziehungshilfe-fz@horte-leipzig.de			"[""West"", ""Schönau""]"
"Betreuungsangebot Schule zur Lernförderung ""Adolph Diesterweg"""	http://www.leipzig.de/detailansicht-adresse/betreuungsangebot-schule-zur-lernfoerderung-adolph-diesterweg/	Foerderschule	"[{""address""=>"",,Portitzer Straße 1,04318,Leipzig,"", ""location""=>{:lat=>51.343801, :lng=>12.425411}}]"	bta-diesterweg-fs@horte-leipzig.de			"[""Ost"", ""Sellerhausen-Stünz""]"
"Betreuungsangebot Schule zur Lernförderung ""Ernst Zinna"""	http://www.leipzig.de/detailansicht-adresse/betreuungsangebot-schule-zur-lernfoerderung-ernst-zinna/	Foerderschule	"[{""address""=>"",,Wincklerstraße 3/5,04279,Leipzig,"", ""location""=>{:lat=>51.28661, :lng=>12.395742}}]"	bta-zinna-fs@horte-leipzig.de			"[""Süd"", ""Dölitz-Dösen""]"
"Betreuungsangebot Schule zur Lernförderung ""Fritz Gietzelt"""	http://www.leipzig.de/detailansicht-adresse/betreuungsangebot-schule-zur-lernfoerderung-fritz-gietzelt/	Foerderschule	"[{""address""=>"",,Kantatenweg 40,04229,Leipzig,"", ""location""=>{:lat=>51.318585, :lng=>12.333292}}]"	bta-gietzelt-fs@horte-leipzig.de			"[""Südwest"", ""Kleinzschocher""]"
"Betreuungsangebot Schule zur Lernförderung ""Johann-Heinrich-Pestalozzi"""	http://www.leipzig.de/detailansicht-adresse/betreuungsangebot-schule-zur-lernfoerderung-johann-heinrich-pestalozzi/	Foerderschule	"[{""address""=>"",,Hannoversche Straße 2,04157,Leipzig,"", ""location""=>{:lat=>51.374938, :lng=>12.363993}}]"	bta-pestalozzi-fs@horte-leipzig.de			"[""Nord"", ""Gohlis-Nord""]"
Betreuungsangebot Schule zur Lernförderung Grünau	http://www.leipzig.de/detailansicht-adresse/betreuungsangebot-schule-zur-lernfoerderung-gruenau/	Foerderschule	"[{""address""=>"",,Andromedaweg 25,04205,Leipzig,"", ""location""=>{:lat=>51.319479, :lng=>12.271753}}]"	bta-gruenau-fs@horte-leipzig.de			"[""West"", ""Grünau-Nord""]"
Förderzentrum / Sprachheilschule - Käthe-Kollwitz-Schule	http://www.leipzig.de/detailansicht-adresse/foerderzentrum-sprachheilschule-kaethe-kollwitz-schule/	Foerderschule	"[{""address""=>"",,Friedrich-Dittes-Straße 9,04318,Leipzig,"", ""location""=>{:lat=>51.336524, :lng=>12.412726}}]"	sprachheilschule.leipzig@web.de	http://www.foerderzentrum-sprachheilschule-leipzig.de/		"[""Anger-Crottendorf"", ""Ost""]"
Förderzentrum für Erziehungshilfe - Kurt-Biedermann-Schule	http://www.leipzig.de/detailansicht-adresse/foerderzentrum-fuer-erziehungshilfe-kurt-biedermann-schule/	Foerderschule	"[{""address""=>"",,Garskestraße 19,04205,Leipzig,"", ""location""=>{:lat=>51.32638, :lng=>12.287431}}]"	fsz-b@t-online.de	http://www.foerderzentrum-erziehungshilfe-leipzig.de/		"[""Schönau"", ""West""]"
"Freier Träger - Förderschule ""Werner Vogel"""	http://www.leipzig.de/detailansicht-adresse/freier-traeger-foerderschule-werner-vogel/	Foerderschule	"[{""address""=>"",,Hans-Marchwitza-Straße 12,04279,Leipzig,"", ""location""=>{:lat=>51.29958, :lng=>12.400028}}]"	Foerderschule@diakonie-leipzig.de	http://www.diakonie-leipzig.de/behindertenhilfe-foerderschule.html		"[""Lößnig"", ""Süd""]"
Freier Träger - Schule für geistig Behinderte Schloss Schönefeld e.V.	http://www.leipzig.de/detailansicht-adresse/freier-traeger-schule-fuer-geistig-behinderte-schloss-schoenefeld-ev/	Foerderschule	"[{""address""=>"",,Zeumerstraße 1-2,04347,Leipzig,"", ""location""=>{:lat=>51.359057, :lng=>12.408038}}]"	Schule-schloss-schoenefeld@t-online.de	http://www.schloss-schoenefeld.de/homeschule/		"[""Nordost"", ""Schönefeld-Ost""]"
Klinik- und Krankenhausschule - Dr.-Georg-Sacke-Schule	http://www.leipzig.de/detailansicht-adresse/klinik-und-krankenhausschule-dr-georg-sacke-schule/	Foerderschule	"[{""address""=>"",,Morawitzstraße 2,04289,Leipzig,"", ""location""=>{:lat=>51.304342, :lng=>12.442824}}]"	klinikschule-leipzig@t-online.de			"[""Südost"", ""Probstheida""]"
Sächsische Landesschule für Hörgeschädigte Leipzig	http://www.leipzig.de/detailansicht-adresse/saechsische-landesschule-fuer-hoergeschaedigte-leipzig/	Foerderschule	"[{""address""=>"",,Karl-Siegismund-Straße 2,04317,Leipzig,"", ""location""=>{:lat=>51.32743, :lng=>12.398413}}]"	info@shs.smk.sachsen.de	http://www.samuel-heinicke-schule-leipzig.de/		"[""Mitte"", ""Zentrum-Südost""]"
Schule für Blinde und Sehbehinderte - Wladimir-Filatow-Schule	http://www.leipzig.de/detailansicht-adresse/schule-fuer-blinde-und-sehbehinderte-wladimir-filatow-schule/	Foerderschule	"[{""address""=>"",,Am Kirschberg 49,04209,Leipzig,"", ""location""=>{:lat=>51.318013, :lng=>12.279885}}]"	wfs-leipzig@web.de	http://www.filatow-leipzig.de/		"[""West"", ""Grünau-Mitte""]"
Schule für geistig Behinderte - Lindenhofschule	http://www.leipzig.de/detailansicht-adresse/schule-fuer-geistig-behinderte-lindenhofschule/	Foerderschule	"[{""address""=>"",,Delitzscher Straße 110,04129,Leipzig,"", ""location""=>{:lat=>51.369784, :lng=>12.386212}}]"	fs-lindenhof@t-online.de	http://www.lindenhofschule-leipzig.de/		"[""Eutritzsch"", ""Nord""]"
Schule für geistig Behinderte - Martin-Schule	http://www.leipzig.de/detailansicht-adresse/schule-fuer-geistig-behinderte-martin-schule/	Foerderschule	"[{""address""=>"",,Neptunweg 31,04205,Leipzig,"", ""location""=>{:lat=>51.326084, :lng=>12.268232}}]"	martin-schule-leipzig@t-online.de			"[""Grünau-Nord"", ""West""]"
Schule für geistig Behinderte - Schule Rosenweg	http://www.leipzig.de/detailansicht-adresse/schule-fuer-geistig-behinderte-schule-rosenweg/	Foerderschule	"[{""address""=>"",,Rosenweg 59,04209,Leipzig,"", ""location""=>{:lat=>51.323541, :lng=>12.298516}}]"	schule-rosenweg@t-online.de	http://www.schule-rosenweg.de/		"[""West"", ""Grünau-Ost""]"
Schule für geistig Behinderte - Schule Thonberg	http://www.leipzig.de/detailansicht-adresse/schule-fuer-geistig-behinderte-schule-thonberg/	Foerderschule	"[{""address""=>"",,Riebeckstraße 50,04317,Leipzig,"", ""location""=>{:lat=>51.326736, :lng=>12.402257}}]"	fs-thonberg@t-online.de	http://www.thonberg-schule.de/		"[""Reudnitz-Thonberg"", ""Südost""]"
Schule für Körperbehinderte - Albert-Schweitzer-Schule	http://www.leipzig.de/detailansicht-adresse/schule-fuer-koerperbehinderte-albert-schweitzer-schule/	Foerderschule	"[{""address""=>"",,An der Märchenwiese 3,04277,Leipzig,"", ""location""=>{:lat=>51.305638, :lng=>12.392147}}]"	infopost@schweitzer.l.sn.schule.de	http://www.albert-schweitzer-schu-le.de/		"[""Süd"", ""Marienbrunn""]"
Schule zur Lernförderung - Adolph-Diesterweg-Schule	http://www.leipzig.de/detailansicht-adresse/schule-zur-lernfoerderung-adolph-diesterweg-schule/	Foerderschule	"[{""address""=>"",,Portitzer Straße 1,04318,Leipzig,"", ""location""=>{:lat=>51.343801, :lng=>12.425411}}]"	sekretariat@adolph-diesterweg-schule.net	http://www.adolph-diesterweg-schule.net/		"[""Ost"", ""Sellerhausen-Stünz""]"
Schule zur Lernförderung - Ernst-Zinna-Schule	http://www.leipzig.de/detailansicht-adresse/schule-zur-lernfoerderung-ernst-zinna-schule/	Foerderschule	"[{""address""=>"",,Wincklerstraße 3/5,04279,Leipzig,"", ""location""=>{:lat=>51.28661, :lng=>12.395742}}]"	ernst-zinna-schule-leipzig@t-online.de	http://www.sn.schule.de/~ernst-zinna-schule-leipzig/		"[""Süd"", ""Dölitz-Dösen""]"
Schule zur Lernförderung - Fritz-Gietzelt-Schule	http://www.leipzig.de/detailansicht-adresse/schule-zur-lernfoerderung-fritz-gietzelt-schule/	Foerderschule	"[{""address""=>"",,Kantatenweg 40,04229,Leipzig,"", ""location""=>{:lat=>51.318585, :lng=>12.333292}}]"	fsfritzgietzelt@gmx.de			"[""Südwest"", ""Kleinzschocher""]"
Schule zur Lernförderung - Johann-Heinrich-Pestalozzi-Schule	http://www.leipzig.de/detailansicht-adresse/schule-zur-lernfoerderung-johann-heinrich-pestalozzi-schule/	Foerderschule	"[{""address""=>"",,Hannoversche Straße 2,04157,Leipzig,"", ""location""=>{:lat=>51.374938, :lng=>12.363993}}]"	pestalozzischule-leipzig@t-online.de	http://www.pestalozzischule-leipzig.de/		"[""Gohlis-Nord"", ""Nord""]"
Schule zur Lernförderung - Schule Engelsdorf	http://www.leipzig.de/detailansicht-adresse/schule-zur-lernfoerderung-schule-engelsdorf/	Foerderschule	"[{""address""=>"",,Riesaer Straße 177,04319,Leipzig,"", ""location""=>{:lat=>51.346433, :lng=>12.488058}}]"	fs-engelsdorf@t-online.de	http://fs-engelsdorf.de/		"[""Ost"", ""Engelsdorf""]"
Schule zur Lernförderung - Schule Grünau	http://www.leipzig.de/detailansicht-adresse/schule-zur-lernfoerderung-schule-gruenau/	Foerderschule	"[{""address""=>"",,Miltitzer Weg 1,04205,Leipzig,"", ""location""=>{:lat=>51.320376, :lng=>12.266481}}]"	foerderschule-gruenau@t-online.de	http://cms.sn.schule.de/szlgruenau		"[""West"", ""Grünau-Nord""]"
"Berufsbildende Förderschule - Berufliches Schulzentrum 12 ""Robert Blum"""	http://www.leipzig.de/detailansicht-adresse/berufsbildende-foerderschule-berufliches-schulzentrum-12-robert-blum/	Berufsschule	"[{""address""=>"",,Kamarowstraße 2,04357,Leipzig,"", ""location""=>{:lat=>39.390897, :lng=>-99.066067}}]"	Bsz12.leipzig@t-online.de	http://www.bsz12leipzig.de/		"[""Nordost"", ""Mockau-Nord""]"
Berufsschule - Arwed-Rossbach-Schule	http://www.leipzig.de/detailansicht-adresse/berufsschule-arwed-rossbach-schule/	Berufsschule	"[{""address""=>"",,Am kleinen Feld 3/5,04205,Leipzig,"", ""location""=>{:lat=>51.315622, :lng=>12.263194}}]"	info@arwed-rossbach-schule.de	www.arwed-rossbach-schule.de	Schulbibliothek	"[""West"", ""Grünau-Mitte""]"
Berufsschule - Berufliches Schulzentrum 1	http://www.leipzig.de/detailansicht-adresse/berufsschule-berufliches-schulzentrum-1/	Berufsschule	"[{""address""=>"",,Crednerstraße 1,04289,Leipzig,"", ""location""=>{:lat=>51.304576, :lng=>12.429162}}]"	info@bsz1leipzig.de	http://www.bsz1leipzig.de/	Schulbibliothek	"[""Südost"", ""Probstheida""]"
"Berufsschule - Berufliches Schulzentrum 11 ""Henriette-Goldschmidt-Schule"""	http://www.leipzig.de/detailansicht-adresse/berufsschule-berufliches-schulzentrum-11-henriette-goldschmidt-schule/	Berufsschule	"[{""address""=>"",,Zweenfurther Straße 21,04318,Leipzig,"", ""location""=>{:lat=>51.339978, :lng=>12.434239}}]"	sekretariat@goldschmidtschule-leipzig.de	http://www.goldschmidtschule-leipzig.de/	Schulbibliothek	"[""Sellerhausen-Stünz"", ""Ost""]"
Berufsschule - Berufliches Schulzentrum 7	http://www.leipzig.de/detailansicht-adresse/berufsschule-berufliches-schulzentrum-7/	Berufsschule	"[{""address""=>"",,An der Querbreite 8,04129,Leipzig,"", ""location""=>{:lat=>51.371375, :lng=>12.388607}}]"	schulleitung@bsz7-leipzig.de	http://www.bsz7-leipzig.de/		"[""Nord"", ""Eutritzsch""]"
Berufsschule - Berufsschulzentrum 2	http://www.leipzig.de/detailansicht-adresse/berufsschule-berufsschulzentrum-2/	Berufsschule	"[{""address""=>"",,Bornaische Straße 104,04277,Leipzig,"", ""location""=>{:lat=>51.301798, :lng=>12.383084}}]"	bsz2wuv@t-online.de			"[""Süd"", ""Connewitz""]"
Berufsschule - Berufsschulzentrum 5	http://www.leipzig.de/detailansicht-adresse/berufsschule-berufsschulzentrum-5/	Berufsschule	"[{""address""=>"",,Neustädter Straße 1,04315,Leipzig,"", ""location""=>{:lat=>51.344664, :lng=>12.399944}}]"	bsz5.leipzig@web.de			"[""Ost"", ""Neustadt-Neuschönefeld""]"
Berufsschule - Gutenbergschule	http://www.leipzig.de/detailansicht-adresse/berufsschule-gutenbergschule/	Berufsschule	"[{""address""=>"",,Gutenbergplatz 4/8,04103,Leipzig,"", ""location""=>{:lat=>51.336572, :lng=>12.392977}}]"	Gutenbergschule-leipzig@t-online.de	http://www.gutenbergschule-leipzig.de/	Schulbibliothek	"[""Mitte"", ""Zentrum-Ost""]"
Berufsschule - Karl-Heine-Schule	http://www.leipzig.de/detailansicht-adresse/berufsschule-karl-heine-schule/	Berufsschule	"[{""address""=>"",,Merseburger Straße 56/58,04177,Leipzig,"", ""location""=>{:lat=>51.333783, :lng=>12.332356}}]"	khs@bszkhs-leipzig.de	http://www.bszkhs-leipzig.de/	Schulbibliothek	"[""Alt-West"", ""Lindenau""]"
Berufsschule - Ruth-Pfau-Schule	http://www.leipzig.de/detailansicht-adresse/berufsschule-ruth-pfau-schule/	Berufsschule	"[{""address""=>"",,Schönauer Straße 160,04207,Leipzig,"", ""location""=>{:lat=>51.336095, :lng=>12.254565}}]"	info@ruth-pfau-schule.de	http://www.ruth-pfau-schule.de/	Schulbibliothek	"[""West"", ""Grünau-Ost""]"
Berufsschule - Susanna-Eger-Schule	http://www.leipzig.de/detailansicht-adresse/berufsschule-susanna-eger-schule/	Berufsschule	"[{""address""=>"",,An der Querbreite 6,04129,Leipzig,"", ""location""=>{:lat=>51.371375, :lng=>12.388607}}]"	sekretariat@susanna-eger-schule.de	http://www.susanna-eger-schule.de/	Schulbibliothek	"[""Nord"", ""Eutritzsch""]"
Freier Träger - Akademie für Kreativitätspädagogik Leipzig	http://www.leipzig.de/detailansicht-adresse/freier-traeger-akademie-fuer-kreativitaetspaedagogik-leipzig/	Berufsschule	"[{""address""=>"",,Braunstraße 18,04347,Leipzig,"", ""location""=>{:lat=>51.366153, :lng=>12.431876}}]"	info@krea-akademie.de	http://www.krea-akademie.de/		"[""Schönefeld-Ost"", ""Nordost""]"
Freier Träger - Augsburger Gesellschaft für Lehmbau, Bildung und Arbeit in Leipzig e.V.	http://www.leipzig.de/detailansicht-adresse/freier-traeger-augsburger-gesellschaft-fuer-lehmbau-bildung-und-arbeit-in-leipzig-ev/	Berufsschule	"[{""address""=>"",,Lützner Straße 93-95,04177,Leipzig,"", ""location""=>{:lat=>51.33587, :lng=>12.331755}}]"	info@lehmbaugruppe.de	http://www.lehmbaugruppe.de/slg/index.php		"[""Altlindenau"", ""Alt-West""]"
Freier Träger - AWO Akademie Mitteldeutschland	http://www.leipzig.de/detailansicht-adresse/freier-traeger-awo-akademie-mitteldeutschland/	Berufsschule	"[{""address""=>"",,Ludwig-Hupfeld-Straße 16,04178,Leipzig,"", ""location""=>{:lat=>51.348117, :lng=>12.300756}}]"	k.schoene@spi-ost.de	http://www.spi-ost.de/		"[""Böhlitz-Ehrenberg"", ""Alt-West""]"
Freier Träger - Bernd-Blindow-Schulen Leipzig	http://www.leipzig.de/detailansicht-adresse/freier-traeger-bernd-blindow-schulen-leipzig/	Berufsschule	"[{""address""=>"",,Comeniusstraße 17,04315,Leipzig,"", ""location""=>{:lat=>51.341969, :lng=>12.401917}}]"	leipzig@blindow.de	http://blindow.de/leipzig-bbs		"[""Neustadt-Neuschönefeld"", ""Ost""]"
Freier Träger - Berufsbildungswerk Leipzig für Hör- und Sprachgeschädigte	http://www.leipzig.de/detailansicht-adresse/freier-traeger-berufsbildungswerk-leipzig-fuer-hoer-und-sprachgeschaedigte/	Berufsschule	"[{""address""=>"",,Knautnaundorfer Straße 4,04249,Leipzig,"", ""location""=>{:lat=>51.256971, :lng=>12.280958}}]"	info@bbw-leipzig.de	http://www.bbw-leipzig.de/		"[""Südwest"", ""Knautkleeberg-Knauthain""]"
Freier Träger - Berufsfachschule der Deutschen Privaten Finanzakademie GmbH Sachsen	http://www.leipzig.de/detailansicht-adresse/freier-traeger-berufsfachschule-der-deutschen-privaten-finanzakademie-gmbh-sachsen/	Berufsschule	"[{""address""=>"",,Mahlmannstraße 1-3,04107,Leipzig,"", ""location""=>{:lat=>51.325223, :lng=>12.369797}}]"	leipzig@dpfa-akademiegruppe.com	http://leipzig.dpfa-akademiegruppe.com/wir-ueber-uns/		"[""Mitte"", ""Zentrum-Süd""]"
Freier Träger - Berufsfachschule für Altenpflege	http://www.leipzig.de/detailansicht-adresse/freier-traeger-berufsfachschule-fuer-altenpflege/	Berufsschule	"[{""address""=>"",,Comeniusstraße 17,04315,Leipzig,"", ""location""=>{:lat=>51.341969, :lng=>12.401917}}]"	leipzig@blindow.de	http://blindow.de/leipzig-bbs		"[""Neustadt-Neuschönefeld""]"
Freier Träger - Berufsfachschule für Altenpflege	http://www.leipzig.de/detailansicht-adresse/freier-traeger-berufsfachschule-fuer-altenpflege-1/	Berufsschule	"[{""address""=>"",,Angerstraße 42,E,04177,Leipzig,"", ""location""=>{:lat=>39.390897, :lng=>-99.066067}}]"	info@universum-akademie.de	http://universum-akademie.de		"[""Alt-West"", ""Altlindenau""]"
Freier Träger - Berufsfachschule für Altenpflege	http://www.leipzig.de/detailansicht-adresse/freier-traeger-berufsfachschule-fuer-altenpflege-2/	Berufsschule	"[{""address""=>"",,Am Brühl 67,04109,Leipzig,"", ""location""=>{:lat=>39.390897, :lng=>-99.066067}}]"		http://www.wbs-berufsfachschulen.de/schulen/leipzig/		"[""Mitte"", ""Zentrum""]"
Freier Träger - Berufsfachschule für Gesundheits- und Krankenpflege	http://www.leipzig.de/detailansicht-adresse/freier-traeger-berufsfachschule-fuer-gesundheits-und-krankenpflege/	Berufsschule	"[{""address""=>"",,Georg-Schwarz-Straße 49,04177,Leipzig,"", ""location""=>{:lat=>51.34281, :lng=>12.320338}}]"		http://www.diako-leipzig.de/		"[""Alt-West"", ""Altlindenau""]"
Freier Träger - Berufsfachschule für Logopädie	http://www.leipzig.de/detailansicht-adresse/freier-traeger-berufsfachschule-fuer-logopaedie/	Berufsschule	"[{""address""=>"",,Grassitraße 12,04107,Leipzig,"", ""location""=>{:lat=>39.390897, :lng=>-99.066067}}]"	logo.leipzig@med-akademie.de	http://www.med-akademie.de		"[""Zentrum-Süd"", ""Mitte""]"
Freier Träger - Berufsfachschule für Pflegeberufe	http://www.leipzig.de/detailansicht-adresse/freier-traeger-berufsfachschule-fuer-pflegeberufe/	Berufsschule	"[{""address""=>"",,Geithainer Straße 7-9,04328,Leipzig,"", ""location""=>{:lat=>51.342167, :lng=>12.4373}}]"	leipzig@vmkb.de	http://www.vmkb.de/		"[""Ost"", ""Paunsdorf""]"
Freier Träger - Berufsfachschule für Rettungsassistenten	http://www.leipzig.de/detailansicht-adresse/freier-traeger-berufsfachschule-fuer-rettungsassistenten/	Berufsschule	"[{""address""=>"",,Kregelstraße 23,04317,Leipzig,"", ""location""=>{:lat=>51.323734, :lng=>12.405396}}]"	info@rettungsschule-leipzig.de	http://www.rettungsschule-leipzig.de/		"[""Reudnitz-Thonberg"", ""Südost""]"
Freier Träger - Berufsfachschule für Technik	http://www.leipzig.de/detailansicht-adresse/freier-traeger-berufsfachschule-fuer-technik/	Berufsschule	"[{""address""=>"",,Angerstraße 30,04177,Leipzig,"", ""location""=>{:lat=>51.339368, :lng=>12.337665}}]"		http://www.akate.de		"[""Alt-West"", ""Altlindenau""]"
Freier Träger - Berufsfachschule für Technik	http://www.leipzig.de/detailansicht-adresse/freier-traeger-berufsfachschule-fuer-technik-1/	Berufsschule	"[{""address""=>"",,Luther Straße 10,04315,Leipzig,"", ""location""=>{:lat=>51.344814, :lng=>12.395915}}]"		http://www.citrain.de/		"[""Ost"", ""Neustadt-Neuschönefeld""]"
Freier Träger - Berufsfachschule Heimerer Schulen	http://www.leipzig.de/detailansicht-adresse/freier-traeger-berufsfachschule-heimerer-schulen/	Berufsschule	"[{""address""=>"",,Hohmannstraße 7b,04129,Leipzig,"", ""location""=>{:lat=>51.358497, :lng=>12.390471}}]"	leipzig@heimerer.de	http://www.heimerer-schulen.de/orte/leipzig/		"[""Nord"", ""Eutritzsch""]"
Freier Träger - Bildungsakademie Dresden	http://www.leipzig.de/detailansicht-adresse/freier-traeger-bildungsakademie-dresden/	Berufsschule	"[{""address""=>"",,Hohe Straße 9-13,04107,Leipzig,"", ""location""=>{:lat=>51.328504, :lng=>12.378688}}]"	striegler@bildungsakademie-dresden.de.	http://bildungsakademie-sachsen.de/standort/leipzig		"[""Mitte"", ""Zentrum-Süd""]"
Freier Träger - Bildungsinstitut Mitteldeutschland	http://www.leipzig.de/detailansicht-adresse/freier-traeger-bildungsinstitut-mitteldeutschland/	Berufsschule	"[{""address""=>"",,Witzgallstraße 20,04317,Leipzig,"", ""location""=>{:lat=>51.327569, :lng=>12.404225}}]"	http://www.johanniter.de/pool/kontakt/juh/akadmie/a-b-c/bildungsinstitut-mitteldeutschland/thema/ansprechpartner-15/	http://www.johanniter.de/aus-und-weiterbildung/johanniter-bildungsstaetten/mitteldeutschland-leipzig/ihr-weg-zum-bildungsinstitut/		"[""Reudnitz-Thonberg"", ""Südost""]"
Freier Träger - Designschule Leipzig	http://www.leipzig.de/detailansicht-adresse/freier-traeger-designschule-leipzig/	Berufsschule	"[{""address""=>"",,Bauhofstraße 3,04103,Leipzig,"", ""location""=>{:lat=>51.333312, :lng=>12.382781}}]"	info@designschule.de	http://www.designschule.de/		"[""Mitte"", ""Zentrum-Ost""]"
Freier Träger - Deutsches Erwachsenen Bildungswerk	http://www.leipzig.de/detailansicht-adresse/freier-traeger-deutsches-erwachsenen-bildungswerk/	Berufsschule	"[{""address""=>"",,Industriestraße 85-95,04229,Leipzig,"", ""location""=>{:lat=>51.328017, :lng=>12.330077}}]"	leipzig@deb-gruppe.org	http://www.deb.de/		"[""Südwest"", ""Plagwitz""]"
Freier Träger - Euro-Schulen Leipzig	http://www.leipzig.de/detailansicht-adresse/freier-traeger-euro-schulen-leipzig/	Berufsschule	"[{""address""=>"",,Rosa-Luxemburg-Straße 23,04103,Leipzig,"", ""location""=>{:lat=>51.344561, :lng=>12.389796}}]"	info@es.leipzig.eso.de	http://www.eso.de/		"[""Mitte"", ""Zentrum""]"
Freier Träger - Europäische Wirtschafts- und Sprachenakademie	http://www.leipzig.de/detailansicht-adresse/freier-traeger-europaeische-wirtschafts-und-sprachenakademie/	Berufsschule	"[{""address""=>"",,Nikolaistraße 10,04109,Leipzig,"", ""location""=>{:lat=>51.341019, :lng=>12.378816}}]"	info@ews-leipzig.de	http://www.ews-leipzig.de/		"[""Mitte"", ""Zentrum""]"
Freier Träger - Fach- und Berufsschulzentrum Leipzig	http://www.leipzig.de/detailansicht-adresse/freier-traeger-fach-und-berufsschulzentrum-leipzig/	Berufsschule	"[{""address""=>"",,Homannstraße 7,04129,Leipzig,"", ""location""=>{:lat=>39.390897, :lng=>-99.066067}}]"	fs-leipzig@ebg.de	http://www.ebg.de/		"[""Eutritzsch"", ""Nord""]"
Freier Träger - Fachschule für Technik und Wirtschaft	http://www.leipzig.de/detailansicht-adresse/freier-traeger-fachschule-fuer-technik-und-wirtschaft/	Berufsschule	"[{""address""=>"",,Mahlmannstraße 1-3,04107,Leipzig,"", ""location""=>{:lat=>51.325223, :lng=>12.369797}}]"	info@gbsleipzig.de	http://www.gbsleipzig.de/		"[""Mitte"", ""Zentrum-Süd""]"
Freier Träger - Katholische Krankenpflegeschule des St. Elisabeth-Krankenhaus Leipzig	http://www.leipzig.de/detailansicht-adresse/freier-traeger-katholische-krankenpflegeschule-des-st-elisabeth-krankenhaus-leipzig/	Berufsschule	"[{""address""=>"",,Biedermannstraße 84,04277,Leipzig,"", ""location""=>{:lat=>51.303042, :lng=>12.37857}}]"	ausbildung@ek-leipzig.de	http://www.ek-leipzig.de/		"[""Süd"", ""Connewitz""]"
Freier Träger - LOVANIA-Akademie	http://www.leipzig.de/detailansicht-adresse/freier-traeger-lovania-akademie/	Berufsschule	"[{""address""=>"",,Theodor-Heuss-Straße 30,04328,Leipzig,"", ""location""=>{:lat=>51.347756, :lng=>12.445503}}]"	service@lovania.de	http://www.lovania.de/		"[""Ost"", ""Paunsdorf""]"
Freier Träger - Medizinisch-Technisches Aus- und Weiterbildungszentrum	http://www.leipzig.de/detailansicht-adresse/freier-traeger-medizinisch-technisches-aus-und-weiterbildungszentrum/	Berufsschule	"[{""address""=>"",,Naumburger Straße 26a,04229,Leipzig,"", ""location""=>{:lat=>51.32689, :lng=>12.325795}}]"	info@bwm-bildungszentrum.de	http://www.bwm-bildungszentrum.de/page1/page1.html		"[""Plagwitz"", ""Südwest""]"
Freier Träger - Medizinische Berufsfachschule am Klinikum St. Georg gGmbH	http://www.leipzig.de/detailansicht-adresse/freier-traeger-medizinische-berufsfachschule-am-klinikum-st-georg-ggmbh/	Berufsschule	"[{""address""=>"",,Delitzscher Straße 141,04129,Leipzig,"", ""location""=>{:lat=>51.384217, :lng=>12.377208}}]"	info@sanktgeorg.de	http://www.sanktgeorg.de/bildung.html		"[""Nord"", ""Eutritzsch""]"
Freier Träger - Medizinische Berufsfachschule des Universitätsklinikum AöR	http://www.leipzig.de/detailansicht-adresse/freier-traeger-medizinische-berufsfachschule-des-universitaetsklinikum-aoer/	Berufsschule	"[{""address""=>"",,Richterstraße 9-11,04105,Leipzig,"", ""location""=>{:lat=>51.35689, :lng=>12.372077}}]"		http://mbfs.uniklinikum-leipzig.de/		"[""Mitte"", ""Zentrum-Nord""]"
Freier Träger - Theaterfachschule Leipzig	http://www.leipzig.de/detailansicht-adresse/freier-traeger-theaterfachschule-leipzig/	Berufsschule	"[{""address""=>"",,Franz-Flemming-Straße 16,04179,Leipzig,"", ""location""=>{:lat=>51.344483, :lng=>12.310539}}]"		http://theaterfabrik-leipzig.de/		"[""Alt-West"", ""Altlindenau""]"
Freier Träger - Wirtschaftsakademie	http://www.leipzig.de/detailansicht-adresse/freier-traeger-wirtschaftsakademie/	Berufsschule	"[{""address""=>"",,Kochstraße 24,04275,Leipzig,"", ""location""=>{:lat=>51.321647, :lng=>12.371526}}]"	schule-lpz@rahn-schulen.de	http://www.rahn-schulen.de/schule-leipzig/		"[""Süd"", ""Südvorstadt""]"
